Id,weight
20001,130.9022
20002,122.8685
20003,110.9801
20004,120.8874
20005,116.6434
20006,134.1099
20007,150.7596
20008,143.4608
20009,141.2673
20010,124.9338
20011,126.7626
20012,143.1486
20013,107.5287
20014,123.4111
20015,137.643
20016,125.8677
20017,127.9224
20018,144.6287
20019,120.5977
20020,124.8642
20021,136.2203
20022,112.17
20023,124.9457
20024,132.2348
20025,125.4375
20026,136.5972
20027,124.236
20028,121.7029
20029,117.3622
20030,122.5965
20031,123.1642
20032,128.0027
20033,122.8117
20034,128.4726
20035,130.967
20036,128.2173
20037,112.2504
20038,128.1657
20039,120.9484
20040,134.017
20041,104.2348
20042,140.6498
20043,141.9627
20044,122.6614
20045,120.2937
20046,121.3609
20047,125.5533
20048,133.9106
20049,122.6122
20050,115.6875
20051,135.7121
20052,117.3901
20053,122.562
20054,118.0593
20055,117.7307
20056,124.7231
20057,134.0615
20058,129.5695
20059,127.8292
20060,131.5965
20061,105.015
20062,130.1496
20063,146.6697
20064,113.9145
20065,146.8951
20066,118.6002
20067,108.6047
20068,132.8759
20069,125.7706
20070,121.6069
20071,140.6609
20072,133.2153
20073,159.9584
20074,121.9478
20075,120.8673
20076,133.3406
20077,123.5877
20078,116.3878
20079,134.1446
20080,122.8422
20081,125.2817
20082,111.402
20083,117.1631
20084,124.4182
20085,125.4661
20086,138.4788
20087,112.8169
20088,133.0559
20089,121.7871
20090,109.1823
20091,136.034
20092,131.6912
20093,124.8956
20094,105.9605
20095,149.3078
20096,121.088
20097,118.0381
20098,128.1898
20099,144.6551
20100,150.2085
20101,135.924
20102,110.9624
20103,136.4103
20104,151.879
20105,133.9561
20106,116.6239
20107,123.8323
20108,117.0998
20109,122.6629
20110,139.1737
20111,143.1516
20112,145.451
20113,130.2571
20114,132.689
20115,132.9339
20116,143.7961
20117,114.58
20118,125.9477
20119,119.1642
20120,125.1913
20121,119.0062
20122,133.9713
20123,141.1151
20124,117.9136
20125,122.2395
20126,114.6931
20127,103.5775
20128,112.4741
20129,103.1791
20130,124.5943
20131,126.1179
20132,127.3357
20133,121.5795
20134,117.6958
20135,140.4737
20136,134.395
20137,150.7134
20138,117.8776
20139,126.5811
20140,134.8073
20141,134.1383
20142,121.8755
20143,130.8579
20144,125.1407
20145,148.9722
20146,113.6762
20147,123.5437
20148,138.1689
20149,143.6876
20150,135.5209
20151,117.26
20152,127.6108
20153,137.4036
20154,123.838
20155,124.3332
20156,138.3304
20157,125.2053
20158,135.2309
20159,129.1298
20160,142.2321
20161,141.621
20162,119.7951
20163,130.6948
20164,138.8804
20165,140.7337
20166,123.9277
20167,135.7446
20168,114.0189
20169,150.1478
20170,115.8561
20171,129.9765
20172,115.5906
20173,126.7556
20174,116.8814
20175,129.3261
20176,116.7243
20177,123.8531
20178,115.2564
20179,124.8628
20180,126.7586
20181,133.4786
20182,128.1246
20183,111.8586
20184,129.7913
20185,142.3009
20186,100.9973
20187,122.2612
20188,134.5557
20189,112.8573
20190,123.8458
20191,143.136
20192,112.5824
20193,129.7441
20194,132.5571
20195,128.2595
20196,123.3297
20197,132.2902
20198,129.3228
20199,125.6548
20200,105.1285
20201,134.6768
20202,138.7177
20203,117.7368
20204,132.9282
20205,108.4805
20206,120.3446
20207,134.3432
20208,121.2849
20209,149.0059
20210,129.4713
20211,128.6303
20212,117.1931
20213,124.6758
20214,139.0009
20215,108.9088
20216,144.4419
20217,128.3211
20218,132.2253
20219,129.769
20220,127.8725
20221,124.8272
20222,134.3973
20223,133.5474
20224,129.2721
20225,128.7529
20226,133.2441
20227,133.8068
20228,142.7425
20229,133.3871
20230,128.6671
20231,126.536
20232,131.2404
20233,101.8479
20234,139.938
20235,117.319
20236,142.2736
20237,135.4338
20238,122.0263
20239,116.6415
20240,124.7543
20241,120.4223
20242,138.8613
20243,132.2244
20244,125.4607
20245,115.4439
20246,130.348
20247,143.562
20248,128.725
20249,139.3675
20250,133.2753
20251,134.6101
20252,116.8921
20253,128.0555
20254,115.0009
20255,111.7143
20256,121.0642
20257,121.8647
20258,137.8977
20259,127.4652
20260,118.3454
20261,130.1898
20262,132.8351
20263,129.1965
20264,126.6311
20265,128.1213
20266,140.3287
20267,131.4445
20268,125.5671
20269,148.7762
20270,113.878
20271,113.9161
20272,109.587
20273,135.0276
20274,132.1464
20275,145.7155
20276,119.2598
20277,116.698
20278,133.322
20279,120.6915
20280,111.6817
20281,133.6729
20282,130.0892
20283,133.1874
20284,144.1058
20285,119.1556
20286,120.607
20287,137.9174
20288,131.3701
20289,136.9242
20290,126.8527
20291,145.1953
20292,115.7719
20293,124.9106
20294,150.2712
20295,101.8549
20296,122.9673
20297,138.16
20298,133.1515
20299,126.8315
20300,131.8821
20301,125.6963
20302,123.4532
20303,129.5023
20304,135.049
20305,104.6023
20306,121.9317
20307,141.2212
20308,139.7602
20309,92.23364
20310,129.6884
20311,137.1801
20312,138.0278
20313,119.9224
20314,104.9827
20315,118.3435
20316,131.3823
20317,131.5502
20318,148.5491
20319,110.1892
20320,134.4881
20321,105.4341
20322,137.0562
20323,137.3284
20324,128.6403
20325,112.6472
20326,129.5468
20327,134.2315
20328,131.1705
20329,133.186
20330,128.7746
20331,132.4786
20332,112.9757
20333,112.1838
20334,122.3126
20335,119.2167
20336,116.6307
20337,148.0173
20338,134.0114
20339,132.5244
20340,131.6406
20341,129.5734
20342,116.7499
20343,132.2248
20344,141.7791
20345,124.8745
20346,144.8666
20347,98.8972
20348,132.1815
20349,115.4099
20350,118.807
20351,117.2646
20352,123.2658
20353,141.8186
20354,139.4867
20355,114.8292
20356,128.8387
20357,123.3862
20358,123.4765
20359,119.2647
20360,115.3811
20361,124.2302
20362,124.922
20363,154.1866
20364,120.0237
20365,127.1805
20366,134.6828
20367,135.4761
20368,113.7805
20369,132.3267
20370,127.3052
20371,124.8522
20372,118.3315
20373,109.3795
20374,141.4994
20375,121.6419
20376,125.8741
20377,120.0586
20378,112.875
20379,129.9358
20380,128.6154
20381,135.2088
20382,121.1187
20383,143.8567
20384,124.094
20385,125.9951
20386,123.1234
20387,139.6307
20388,120.4157
20389,136.2293
20390,138.8435
20391,143.4517
20392,154.6918
20393,121.1185
20394,125.887
20395,132.7304
20396,121.2435
20397,120.6221
20398,142.3511
20399,123.585
20400,130.4148
20401,114.8809
20402,135.5008
20403,129.3329
20404,123.661
20405,129.637
20406,125.6694
20407,134.5369
20408,134.9831
20409,125.9309
20410,123.3304
20411,117.5716
20412,111.2059
20413,118.2087
20414,133.8204
20415,129.7684
20416,120.743
20417,123.3522
20418,133.2142
20419,120.7166
20420,114.5415
20421,133.5732
20422,118.5572
20423,123.9832
20424,127.9094
20425,130.0576
20426,135.2702
20427,128.9506
20428,136.6572
20429,122.8004
20430,114.0659
20431,124.3172
20432,126.7259
20433,112.4023
20434,127.8756
20435,125.1475
20436,116.3412
20437,119.3721
20438,129.3543
20439,124.0377
20440,129.4057
20441,137.1765
20442,116.9465
20443,111.7542
20444,123.9607
20445,133.2951
20446,113.6369
20447,120.8432
20448,128.7758
20449,122.8752
20450,143.1601
20451,113.6392
20452,156.9321
20453,138.4063
20454,115.1326
20455,123.4043
20456,135.8472
20457,145.4779
20458,127.4447
20459,131.6457
20460,112.2308
20461,129.7648
20462,123.0582
20463,135.9646
20464,118.7798
20465,141.8583
20466,120.9934
20467,142.5795
20468,111.5398
20469,109.8398
20470,129.1403
20471,126.0075
20472,140.8901
20473,134.9359
20474,136.3442
20475,138.3058
20476,132.3252
20477,131.7825
20478,121.0392
20479,124.3824
20480,134.8329
20481,135.6679
20482,137.6183
20483,124.8929
20484,136.6536
20485,136.9369
20486,138.2801
20487,127.3467
20488,113.7654
20489,127.9847
20490,122.4066
20491,115.4612
20492,139.3186
20493,128.1324
20494,121.3197
20495,119.364
20496,114.8214
20497,139.0575
20498,127.0057
20499,139.0597
20500,148.3039
20501,109.8541
20502,109.1885
20503,121.8554
20504,108.4966
20505,120.6637
20506,148.8002
20507,112.9919
20508,129.1735
20509,124.9662
20510,138.3749
20511,120.302
20512,121.3932
20513,123.6386
20514,125.0889
20515,131.029
20516,123.1308
20517,149.3469
20518,109.0707
20519,111.829
20520,148.0622
20521,147.6293
20522,133.341
20523,115.9351
20524,146.0408
20525,137.8696
20526,149.3227
20527,131.7326
20528,153.0546
20529,131.4688
20530,129.562
20531,140.358
20532,116.1862
20533,104.3679
20534,122.3278
20535,103.6644
20536,126.0144
20537,135.4686
20538,129.9777
20539,136.6826
20540,136.24
20541,151.6121
20542,127.5662
20543,140.9595
20544,107.2392
20545,101.3858
20546,122.0863
20547,133.5753
20548,117.658
20549,120.6557
20550,106.8363
20551,123.4769
20552,140.1991
20553,128.7487
20554,121.2823
20555,146.5505
20556,134.8531
20557,133.4202
20558,133.594
20559,126.8411
20560,108.7335
20561,159.9758
20562,122.7538
20563,114.4926
20564,125.9055
20565,110.5576
20566,115.4675
20567,121.4565
20568,136.6606
20569,135.6656
20570,115.9108
20571,131.3478
20572,114.2464
20573,123.3362
20574,84.26295
20575,119.6817
20576,140.2179
20577,110.9834
20578,100.585
20579,122.0827
20580,125.6399
20581,115.5711
20582,131.5517
20583,129.5261
20584,138.4092
20585,108.8598
20586,123.1888
20587,136.7408
20588,123.1148
20589,116.0917
20590,101.8528
20591,124.9625
20592,122.3345
20593,126.8249
20594,117.2866
20595,134.1583
20596,106.0661
20597,131.9955
20598,129.6271
20599,129.7038
20600,120.5706
20601,110.3234
20602,120.0023
20603,108.3695
20604,129.1302
20605,126.1915
20606,142.0706
20607,101.3363
20608,137.8281
20609,127.8369
20610,122.4646
20611,122.7008
20612,134.0518
20613,142.4967
20614,126.7998
20615,112.7127
20616,109.4408
20617,130.7663
20618,124.4965
20619,119.4742
20620,131.1771
20621,137.7905
20622,136.2942
20623,127.1332
20624,137.335
20625,113.7462
20626,151.548
20627,124.6637
20628,141.667
20629,119.1554
20630,133.7451
20631,139.3579
20632,151.1334
20633,137.2053
20634,119.5254
20635,134.7767
20636,135.1739
20637,117.6713
20638,137.2321
20639,122.4194
20640,142.7609
20641,124.5872
20642,110.079
20643,134.2011
20644,137.1193
20645,127.1944
20646,141.3766
20647,102.0192
20648,132.6275
20649,100.7746
20650,145.5589
20651,114.16
20652,134.9724
20653,113.0626
20654,132.508
20655,139.8169
20656,111.3684
20657,150.5891
20658,118.3303
20659,118.5464
20660,144.4624
20661,138.907
20662,125.0902
20663,125.5505
20664,116.3024
20665,127.7649
20666,139.1288
20667,125.8476
20668,121.1569
20669,152.0604
20670,118.0806
20671,133.2364
20672,123.3074
20673,134.3808
20674,128.6592
20675,117.349
20676,112.5109
20677,123.7826
20678,130.4852
20679,139.2827
20680,125.2209
20681,124.9584
20682,115.8503
20683,136.3392
20684,110.5785
20685,156.8531
20686,136.5908
20687,132.8359
20688,131.4765
20689,135.7399
20690,132.6007
20691,132.6894
20692,125.1891
20693,128.5783
20694,105.6441
20695,139.7622
20696,113.744
20697,116.8191
20698,119.2307
20699,144.8532
20700,147.0102
20701,125.4446
20702,170.5479
20703,110.2511
20704,153.2208
20705,111.5493
20706,112.8596
20707,133.3353
20708,139.8444
20709,116.4098
20710,129.6411
20711,121.7006
20712,103.6805
20713,107.3398
20714,128.5263
20715,140.0553
20716,129.2681
20717,124.634
20718,126.6479
20719,132.5483
20720,139.4006
20721,127.448
20722,139.9804
20723,124.7741
20724,131.5259
20725,127.1952
20726,97.02574
20727,143.9246
20728,142.7731
20729,113.6259
20730,119.7938
20731,137.4976
20732,126.71
20733,136.6216
20734,135.5616
20735,135.3984
20736,114.7964
20737,138.6082
20738,109.3082
20739,126.7582
20740,127.3372
20741,119.0958
20742,131.342
20743,139.566
20744,132.8097
20745,119.7404
20746,126.7384
20747,129.7241
20748,103.2365
20749,134.0348
20750,132.7463
20751,122.9418
20752,128.3303
20753,138.3081
20754,126.0762
20755,121.2891
20756,123.1565
20757,122.9496
20758,142.7779
20759,121.1387
20760,120.3851
20761,131.422
20762,130.0163
20763,127.6326
20764,98.57059
20765,123.5801
20766,147.8657
20767,140.965
20768,135.889
20769,110.2616
20770,116.0096
20771,122.0798
20772,131.9771
20773,123.3492
20774,117.2595
20775,132.4176
20776,131.7643
20777,126.4985
20778,116.6803
20779,142.5192
20780,126.0578
20781,109.9755
20782,126.9552
20783,119.3353
20784,131.4501
20785,145.2524
20786,124.6497
20787,129.2673
20788,115.372
20789,127.3538
20790,117.5058
20791,131.1921
20792,118.7207
20793,129.1019
20794,134.1379
20795,116.5019
20796,127.1593
20797,128.7377
20798,127.8744
20799,134.9464
20800,120.1248
20801,130.8804
20802,125.0064
20803,123.9873
20804,138.6031
20805,130.3331
20806,119.9587
20807,100.0056
20808,143.1792
20809,139.3765
20810,119.9056
20811,134.0838
20812,127.8524
20813,121.5267
20814,102.8629
20815,132.8358
20816,119.442
20817,150.7817
20818,122.691
20819,127.9861
20820,121.6722
20821,115.4747
20822,128.3023
20823,120.7939
20824,104.0323
20825,136.9799
20826,131.7311
20827,117.0034
20828,124.6169
20829,111.7849
20830,132.8187
20831,96.74634
20832,127.8081
20833,122.0232
20834,112.4249
20835,149.4641
20836,99.99409
20837,138.0863
20838,155.3977
20839,124.0318
20840,135.2744
20841,135.3824
20842,111.6843
20843,134.4084
20844,147.8495
20845,149.4745
20846,123.8638
20847,116.1147
20848,144.2397
20849,118.9625
20850,124.9529
20851,138.5706
20852,128.8558
20853,119.562
20854,135.4855
20855,119.4294
20856,134.6241
20857,110.7138
20858,133.6615
20859,118.6227
20860,112.5012
20861,154.0956
20862,113.9658
20863,124.4062
20864,126.4415
20865,132.93
20866,105.9927
20867,132.2301
20868,137.4465
20869,125.8118
20870,110.8966
20871,116.7264
20872,117.784
20873,104.3321
20874,106.2736
20875,137.5442
20876,116.3007
20877,116.7348
20878,127.9335
20879,133.6321
20880,135.4663
20881,129.9591
20882,120.3374
20883,130.3446
20884,128.3512
20885,119.3266
20886,134.1054
20887,122.3703
20888,132.9188
20889,120.3906
20890,114.3488
20891,120.1358
20892,110.0601
20893,129.2067
20894,132.6966
20895,135.3841
20896,119.6138
20897,119.1983
20898,124.093
20899,111.789
20900,112.0235
20901,130.2491
20902,115.6044
20903,132.248
20904,133.1727
20905,116.9754
20906,120.2868
20907,124.1839
20908,110.7159
20909,125.9627
20910,140.6288
20911,131.4924
20912,131.5346
20913,136.453
20914,131.9808
20915,140.1278
20916,122.8707
20917,122.0912
20918,129.4462
20919,129.1787
20920,124.4485
20921,126.8851
20922,139.0712
20923,142.969
20924,119.3153
20925,123.9844
20926,114.7871
20927,129.0708
20928,135.1878
20929,114.4343
20930,139.4307
20931,132.6998
20932,124.4207
20933,109.0563
20934,116.0487
20935,114.1357
20936,141.7823
20937,130.6212
20938,143.3212
20939,128.9185
20940,110.1107
20941,139.2905
20942,141.3204
20943,117.9915
20944,115.6268
20945,108.006
20946,140.6105
20947,131.6396
20948,131.4015
20949,120.7832
20950,114.5877
20951,115.654
20952,123.6623
20953,135.2777
20954,155.58
20955,112.5183
20956,123.5915
20957,134.8236
20958,137.7408
20959,104.0396
20960,149.2883
20961,109.7608
20962,138.6145
20963,119.7962
20964,148.2703
20965,131.2739
20966,128.557
20967,143.3398
20968,143.0016
20969,129.3863
20970,123.5625
20971,121.6715
20972,132.8112
20973,140.9463
20974,119.8364
20975,148.6245
20976,135.219
20977,141.3837
20978,137.6824
20979,112.5864
20980,108.0738
20981,115.7081
20982,127.5117
20983,141.885
20984,129.7754
20985,122.1915
20986,134.7795
20987,111.9967
20988,143.4439
20989,119.3535
20990,124.1642
20991,114.8271
20992,137.1524
20993,116.6906
20994,111.0307
20995,116.9304
20996,124.2645
20997,130.7308
20998,120.9803
20999,135.0345
21000,140.5917
21001,135.5198
21002,145.1178
21003,147.535
21004,129.4829
21005,151.5436
21006,123.3267
21007,137.313
21008,116.2412
21009,130.9026
21010,139.1474
21011,149.8402
21012,131.6754
21013,139.0226
21014,139.256
21015,151.5482
21016,136.7048
21017,116.7778
21018,122.8747
21019,124.8504
21020,130.7992
21021,112.1385
21022,131.316
21023,116.9586
21024,108.9249
21025,129.065
21026,132.4893
21027,127.648
21028,137.6571
21029,121.6822
21030,104.8015
21031,113.4681
21032,116.8477
21033,113.4007
21034,150.6044
21035,140.4344
21036,121.373
21037,124.9776
21038,123.2437
21039,138.2622
21040,139.4665
21041,126.1104
21042,126.7096
21043,124.6263
21044,120.3728
21045,121.4659
21046,137.6268
21047,114.1342
21048,129.8956
21049,125.6088
21050,122.3844
21051,132.9048
21052,129.5662
21053,133.0219
21054,124.4915
21055,139.1718
21056,118.4406
21057,155.8277
21058,122.1147
21059,115.9959
21060,123.7223
21061,143.471
21062,123.7772
21063,113.2199
21064,144.0831
21065,111.7304
21066,128.8133
21067,110.649
21068,145.3668
21069,137.941
21070,118.8838
21071,111.7034
21072,132.6032
21073,116.157
21074,130.0722
21075,127.8761
21076,132.5228
21077,140.3787
21078,121.7877
21079,123.6368
21080,147.8201
21081,122.3013
21082,120.3137
21083,133.577
21084,126.5903
21085,144.247
21086,122.7447
21087,132.9598
21088,129.9541
21089,127.4591
21090,121.0967
21091,125.7628
21092,136.7766
21093,128.0449
21094,125.8526
21095,133.0763
21096,118.188
21097,121.1701
21098,130.3178
21099,158.5479
21100,144.2222
21101,123.1309
21102,149.5895
21103,117.3282
21104,124.9637
21105,114.4853
21106,125.3647
21107,112.8356
21108,109.5586
21109,128.4009
21110,110.3082
21111,128.2502
21112,129.078
21113,117.0658
21114,126.2599
21115,120.4145
21116,131.4672
21117,111.7906
21118,138.1768
21119,141.8741
21120,124.0152
21121,135.0333
21122,126.9071
21123,134.6936
21124,113.2025
21125,125.5437
21126,121.5904
21127,122.092
21128,149.0303
21129,133.5585
21130,124.9038
21131,139.9074
21132,145.7846
21133,127.9232
21134,127.527
21135,134.7657
21136,117.4566
21137,107.6561
21138,116.4058
21139,154.3787
21140,138.798
21141,136.954
21142,130.9283
21143,120.9284
21144,125.8553
21145,135.6863
21146,131.28
21147,106.1651
21148,129.0046
21149,109.7752
21150,133.5565
21151,133.0404
21152,136.0463
21153,100.7711
21154,147.1688
21155,114.3058
21156,139.3895
21157,111.4506
21158,144.6741
21159,133.9187
21160,142.0475
21161,117.6067
21162,126.3908
21163,120.9513
21164,122.5671
21165,130.3517
21166,144.4339
21167,135.3268
21168,107.4966
21169,107.0361
21170,126.2799
21171,147.5977
21172,130.848
21173,125.2554
21174,136.9279
21175,120.5629
21176,137.3996
21177,109.0839
21178,119.4379
21179,99.61482
21180,127.2747
21181,123.0197
21182,121.7936
21183,133.9886
21184,125.317
21185,113.6562
21186,130.405
21187,128.0545
21188,119.7754
21189,122.7364
21190,140.2449
21191,120.8681
21192,119.2523
21193,133.5965
21194,114.9262
21195,144.2022
21196,140.8544
21197,131.9006
21198,142.7088
21199,147.1991
21200,129.2511
21201,128.7844
21202,133.5443
21203,144.3025
21204,125.7403
21205,122.3842
21206,129.7301
21207,153.2032
21208,150.5264
21209,126.7309
21210,139.4874
21211,118.4039
21212,139.7057
21213,111.2475
21214,108.6499
21215,126.3453
21216,123.5902
21217,116.7279
21218,113.5574
21219,126.7698
21220,119.8366
21221,127.7358
21222,114.907
21223,105.2037
21224,127.53
21225,140.0844
21226,121.563
21227,141.6525
21228,131.2403
21229,117.5189
21230,122.9495
21231,113.4592
21232,132.7511
21233,136.9681
21234,132.0456
21235,116.703
21236,135.3278
21237,120.6473
21238,101.9139
21239,133.7963
21240,151.1571
21241,121.5164
21242,129.384
21243,125.3838
21244,135.9691
21245,121.9863
21246,121.9002
21247,129.7132
21248,127.6423
21249,142.6934
21250,143.4353
21251,124.292
21252,119.1946
21253,134.3731
21254,124.9753
21255,129.4889
21256,117.9655
21257,115.8963
21258,130.3149
21259,122.438
21260,126.3192
21261,130.7336
21262,110.9849
21263,146.1098
21264,134.8661
21265,144.1516
21266,125.5996
21267,158.4821
21268,119.6675
21269,146.9867
21270,127.9459
21271,134.6115
21272,135.6889
21273,78.01476
21274,116.1101
21275,137.4699
21276,127.2451
21277,103.3388
21278,123.3066
21279,130.9471
21280,133.099
21281,119.4332
21282,148.5511
21283,133.4741
21284,140.0335
21285,134.417
21286,118.3996
21287,131.4875
21288,123.1111
21289,115.1459
21290,112.23
21291,121.8655
21292,133.8826
21293,132.7094
21294,133.6787
21295,119.209
21296,127.3425
21297,135.5664
21298,138.1189
21299,126.455
21300,138.9367
21301,135.1908
21302,124.0522
21303,111.4446
21304,118.4584
21305,107.7306
21306,125.5644
21307,117.4352
21308,120.7318
21309,122.6089
21310,127.2783
21311,143.503
21312,137.315
21313,133.8104
21314,137.6226
21315,121.1429
21316,143.2195
21317,133.6246
21318,130.449
21319,137.5453
21320,126.4153
21321,139.2002
21322,110.4494
21323,132.2434
21324,129.3868
21325,139.0328
21326,122.0791
21327,117.342
21328,131.7003
21329,134.8113
21330,124.8061
21331,119.1475
21332,148.5705
21333,132.9513
21334,115.4154
21335,139.4078
21336,121.9744
21337,121.0509
21338,134.1575
21339,131.289
21340,139.379
21341,134.8802
21342,125.6505
21343,112.9209
21344,140.8676
21345,108.817
21346,109.3782
21347,138.4311
21348,135.987
21349,151.4389
21350,109.7927
21351,147.4051
21352,126.792
21353,134.4355
21354,113.471
21355,141.2293
21356,136.3324
21357,146.3008
21358,109.4178
21359,123.6703
21360,122.6629
21361,124.5546
21362,116.7606
21363,129.4393
21364,132.2173
21365,117.1139
21366,124.0368
21367,111.9422
21368,136.9061
21369,145.7299
21370,128.3377
21371,116.9673
21372,135.6427
21373,130.1628
21374,142.6738
21375,129.3353
21376,158.7778
21377,144.1456
21378,128.0762
21379,124.4065
21380,128.0734
21381,118.6513
21382,141.3982
21383,133.8262
21384,123.9453
21385,122.2553
21386,136.3496
21387,111.3888
21388,120.392
21389,122.0341
21390,125.5754
21391,128.9174
21392,117.2334
21393,128.9403
21394,130.8329
21395,142.0749
21396,151.6437
21397,127.6499
21398,112.3456
21399,107.2294
21400,134.7116
21401,129.8123
21402,119.0567
21403,129.3842
21404,118.0476
21405,123.5179
21406,117.4963
21407,131.9172
21408,123.8478
21409,109.2367
21410,138.0935
21411,137.2761
21412,133.9317
21413,105.8924
21414,111.0794
21415,133.7939
21416,105.2789
21417,121.8429
21418,127.7632
21419,131.3916
21420,131.5629
21421,123.5802
21422,119.8531
21423,130.2914
21424,141.6096
21425,161.8504
21426,131.8433
21427,127.4783
21428,128.1553
21429,125.0711
21430,117.8922
21431,125.9147
21432,118.3576
21433,138.3138
21434,119.3174
21435,132.2209
21436,133.6891
21437,158.2521
21438,119.3141
21439,114.8234
21440,130.9344
21441,145.7605
21442,121.3801
21443,148.3076
21444,134.2696
21445,133.6321
21446,112.2776
21447,142.6672
21448,105.172
21449,137.8634
21450,125.2493
21451,113.057
21452,135.9954
21453,138.2492
21454,115.0486
21455,127.9279
21456,123.0037
21457,131.7569
21458,122.995
21459,112.6738
21460,152.0325
21461,126.6475
21462,120.5375
21463,129.2295
21464,126.2987
21465,131.5675
21466,133.1606
21467,138.0942
21468,113.5556
21469,124.0211
21470,125.2941
21471,116.1753
21472,125.1086
21473,122.5287
21474,135.5874
21475,130.667
21476,112.9453
21477,111.02
21478,119.5916
21479,143.4441
21480,128.8244
21481,126.8852
21482,133.4767
21483,133.0021
21484,119.5382
21485,112.6907
21486,140.2481
21487,145.8844
21488,140.8625
21489,108.9072
21490,133.9579
21491,120.3508
21492,132.7596
21493,123.9575
21494,119.3432
21495,140.4239
21496,102.0927
21497,124.1779
21498,136.1838
21499,133.4616
21500,137.6865
21501,112.3772
21502,136.7279
21503,156.1811
21504,113.589
21505,138.9897
21506,130.9462
21507,122.1663
21508,118.1453
21509,129.7053
21510,136.4691
21511,122.7841
21512,132.6457
21513,126.585
21514,129.4821
21515,146.4228
21516,131.0273
21517,124.1743
21518,138.8549
21519,124.3407
21520,115.3104
21521,112.35
21522,115.2073
21523,134.8338
21524,139.5722
21525,114.9383
21526,122.4025
21527,127.8696
21528,140.0956
21529,138.3081
21530,108.7074
21531,123.3208
21532,105.3489
21533,126.2769
21534,151.2393
21535,118.1354
21536,99.82706
21537,115.8697
21538,113.5576
21539,126.5893
21540,116.5794
21541,116.3439
21542,128.7931
21543,116.9799
21544,140.5522
21545,134.2009
21546,111.8919
21547,109.8414
21548,119.5522
21549,121.5126
21550,136.0772
21551,130.5654
21552,139.5456
21553,114.3175
21554,124.5219
21555,142.7701
21556,140.8299
21557,144.86
21558,126.2663
21559,134.7542
21560,127.1985
21561,124.4345
21562,124.5562
21563,136.8641
21564,126.8469
21565,118.3554
21566,117.1674
21567,115.3059
21568,123.7812
21569,128.573
21570,111.7251
21571,140.8048
21572,154.5036
21573,121.8668
21574,124.6458
21575,115.4355
21576,152.5436
21577,148.8058
21578,114.8156
21579,120.5036
21580,97.83008
21581,123.048
21582,115.5961
21583,126.735
21584,117.1655
21585,139.0221
21586,124.4
21587,138.0896
21588,140.6903
21589,123.3224
21590,131.14
21591,124.5456
21592,147.5404
21593,144.1276
21594,123.7498
21595,116.7514
21596,126.1881
21597,125.9835
21598,104.3631
21599,124.1333
21600,124.8913
21601,110.58
21602,141.0015
21603,117.0895
21604,143.0554
21605,132.2198
21606,129.1519
21607,140.1733
21608,124.8255
21609,109.7068
21610,124.6681
21611,127.0227
21612,139.7899
21613,98.38391
21614,141.5293
21615,126.4849
21616,104.9599
21617,111.9376
21618,116.1651
21619,129.9713
21620,124.7657
21621,132.286
21622,134.0619
21623,125.2183
21624,111.1971
21625,134.2673
21626,124.3152
21627,117.703
21628,125.0611
21629,119.7924
21630,119.564
21631,129.3787
21632,128.4753
21633,122.761
21634,130.8805
21635,124.8096
21636,124.0618
21637,135.8837
21638,133.9785
21639,131.4676
21640,122.1659
21641,128.4602
21642,125.9014
21643,124.1859
21644,117.1214
21645,144.723
21646,132.1882
21647,114.8749
21648,146.8522
21649,148.238
21650,141.4678
21651,132.0323
21652,138.1229
21653,110.2593
21654,133.4775
21655,129.3978
21656,110.1202
21657,117.519
21658,120.5673
21659,126.8603
21660,107.0003
21661,111.6419
21662,129.1319
21663,132.985
21664,130.4239
21665,108.4191
21666,114.3188
21667,83.33859
21668,139.2897
21669,111.4897
21670,125.4388
21671,117.0884
21672,154.3189
21673,133.7865
21674,108.1662
21675,117.6173
21676,140.7663
21677,115.2646
21678,127.9629
21679,128.1697
21680,129.0836
21681,124.2022
21682,116.7036
21683,133.7564
21684,137.8631
21685,132.8903
21686,131.2651
21687,130.4546
21688,121.4696
21689,134.812
21690,100.6617
21691,123.0112
21692,117.7954
21693,122.4913
21694,143.0319
21695,110.3778
21696,114.0431
21697,123.9609
21698,126.9671
21699,125.0535
21700,144.2782
21701,117.9883
21702,114.7062
21703,126.9057
21704,117.484
21705,114.3528
21706,135.7985
21707,140.0854
21708,135.5056
21709,127.3954
21710,123.8437
21711,109.4371
21712,151.0629
21713,138.4305
21714,116.2995
21715,141.218
21716,136.9027
21717,116.9901
21718,142.4759
21719,152.6344
21720,141.3709
21721,133.9221
21722,117.3488
21723,118.7468
21724,136.7083
21725,117.0679
21726,111.6015
21727,105.552
21728,136.8986
21729,107.7908
21730,114.3961
21731,136.8445
21732,113.6272
21733,129.1054
21734,127.21
21735,129.5801
21736,157.0989
21737,120.9648
21738,115.2889
21739,131.0829
21740,140.1632
21741,130.2636
21742,121.7106
21743,106.465
21744,132.3365
21745,114.7014
21746,108.6014
21747,141.9992
21748,126.0679
21749,118.3399
21750,136.8321
21751,121.6909
21752,118.1549
21753,138.8232
21754,126.9035
21755,147.2908
21756,128.0676
21757,128.284
21758,124.3082
21759,120.7382
21760,117.6445
21761,153.2106
21762,116.819
21763,121.1278
21764,135.8275
21765,126.8241
21766,96.18308
21767,130.3198
21768,116.0866
21769,128.4905
21770,135.8515
21771,127.421
21772,136.4152
21773,112.2217
21774,141.4657
21775,130.0191
21776,131.5479
21777,132.0784
21778,117.8952
21779,107.7067
21780,106.6289
21781,133.2048
21782,134.3052
21783,104.6135
21784,127.074
21785,137.4274
21786,146.443
21787,131.4848
21788,127.578
21789,126.5379
21790,128.028
21791,121.7078
21792,129.8178
21793,136.0998
21794,122.0688
21795,123.1259
21796,122.1385
21797,134.4949
21798,137.6269
21799,106.1061
21800,127.0032
21801,126.3585
21802,112.8273
21803,131.9945
21804,128.2344
21805,118.6287
21806,117.1367
21807,131.9907
21808,125.858
21809,142.0038
21810,119.4163
21811,113.6315
21812,109.1425
21813,119.7091
21814,138.9013
21815,132.3346
21816,117.9549
21817,141.0113
21818,135.8762
21819,153.3825
21820,131.2724
21821,124.6016
21822,128.4521
21823,135.4161
21824,139.1153
21825,134.877
21826,138.8835
21827,109.7919
21828,130.6309
21829,117.9041
21830,122.4703
21831,151.6827
21832,129.9412
21833,137.657
21834,125.3675
21835,139.0646
21836,128.8423
21837,124.2264
21838,105.1192
21839,120.2172
21840,117.3044
21841,121.1914
21842,131.0126
21843,130.441
21844,129.2555
21845,142.5122
21846,126.1017
21847,111.9571
21848,130.4412
21849,121.0964
21850,133.6843
21851,141.9219
21852,143.8443
21853,122.5108
21854,115.5412
21855,135.1842
21856,124.2763
21857,119.0652
21858,125.1375
21859,123.7617
21860,115.4759
21861,116.2171
21862,104.5786
21863,134.8425
21864,134.7518
21865,133.1008
21866,129.7181
21867,111.5093
21868,121.2378
21869,127.4718
21870,132.9902
21871,144.1236
21872,126.6312
21873,123.6908
21874,143.097
21875,118.9157
21876,117.1627
21877,134.0875
21878,124.4191
21879,123.4402
21880,106.8565
21881,147.9488
21882,124.9627
21883,127.5417
21884,116.2959
21885,120.86
21886,139.4233
21887,124.5028
21888,111.664
21889,135.9276
21890,118.4924
21891,104.0078
21892,119.4984
21893,144.6597
21894,133.6073
21895,136.554
21896,142.8177
21897,119.3197
21898,130.3048
21899,141.0278
21900,110.9933
21901,126.941
21902,121.6074
21903,127.0516
21904,106.8916
21905,119.0279
21906,128.7848
21907,128.133
21908,124.7975
21909,120.5964
21910,115.1065
21911,152.1767
21912,117.4982
21913,127.065
21914,111.9585
21915,114.139
21916,125.2779
21917,107.5936
21918,124.0973
21919,126.3943
21920,104.9377
21921,141.461
21922,133.8416
21923,134.6805
21924,124.143
21925,117.0323
21926,131.2614
21927,146.1599
21928,142.7478
21929,145.5692
21930,136.5598
21931,146.4205
21932,129.3895
21933,119.6419
21934,146.2621
21935,127.3606
21936,150.2899
21937,132.0791
21938,134.6517
21939,118.3486
21940,126.914
21941,120.9452
21942,133.9877
21943,137.4123
21944,137.271
21945,143.9237
21946,136.9306
21947,122.8151
21948,128.4464
21949,110.2969
21950,123.3602
21951,142.0686
21952,135.6144
21953,136.9164
21954,121.0602
21955,141.0964
21956,142.8679
21957,108.0286
21958,124.9279
21959,123.0402
21960,121.7629
21961,110.7189
21962,127.5728
21963,129.4864
21964,135.8058
21965,140.054
21966,140.0098
21967,128.2321
21968,141.7182
21969,129.959
21970,129.2682
21971,137.5541
21972,132.428
21973,140.3687
21974,116.5077
21975,117.9673
21976,133.9095
21977,130.0498
21978,119.7698
21979,136.993
21980,125.4858
21981,125.4817
21982,125.3253
21983,133.2355
21984,111.129
21985,135.5456
21986,135.2798
21987,114.4112
21988,146.7267
21989,119.9688
21990,128.3836
21991,122.7969
21992,125.0989
21993,122.1341
21994,139.7878
21995,142.7435
21996,133.6407
21997,129.3201
21998,140.4798
21999,119.8486
22000,137.8448
22001,115.8239
22002,131.7664
22003,120.9969
22004,120.2193
22005,110.7002
22006,130.2682
22007,136.3881
22008,119.5927
22009,127.1184
22010,121.375
22011,127.4093
22012,120.1185
22013,125.715
22014,140.7936
22015,117.8609
22016,156.9797
22017,145.6399
22018,131.4489
22019,131.7669
22020,113.6476
22021,113.6457
22022,122.3291
22023,127.846
22024,122.1745
22025,105.4043
22026,116.3873
22027,124.3467
22028,134.3019
22029,128.1986
22030,126.0557
22031,131.8861
22032,126.0415
22033,106.2097
22034,130.4978
22035,139.6093
22036,117.2119
22037,116.1543
22038,144.5481
22039,115.4182
22040,143.5392
22041,118.3246
22042,140.1555
22043,128.7753
22044,120.6951
22045,113.3989
22046,110.5248
22047,130.2144
22048,112.1695
22049,122.564
22050,135.4955
22051,129.862
22052,131.6342
22053,138.7443
22054,122.4675
22055,115.4611
22056,118.0369
22057,121.3311
22058,124.6736
22059,144.5579
22060,140.4212
22061,107.7733
22062,117.1961
22063,127.5408
22064,136.952
22065,133.6295
22066,137.2105
22067,127.9975
22068,98.05815
22069,119.6649
22070,147.8694
22071,114.7724
22072,135.7776
22073,140.2105
22074,136.2651
22075,126.8811
22076,135.1988
22077,118.2317
22078,111.7393
22079,113.77
22080,122.9144
22081,136.9907
22082,132.8417
22083,125.2815
22084,130.9669
22085,110.4711
22086,129.3011
22087,121.1382
22088,113.1176
22089,142.6514
22090,121.4461
22091,128.951
22092,118.0226
22093,144.9995
22094,131.7363
22095,145.841
22096,131.7157
22097,131.9033
22098,127.8066
22099,124.5609
22100,138.9521
22101,130.5948
22102,147.0456
22103,135.2301
22104,115.3808
22105,134.0552
22106,129.9018
22107,116.5048
22108,130.5289
22109,133.3105
22110,123.5732
22111,130.1342
22112,118.5602
22113,130.1065
22114,117.2627
22115,125.0318
22116,117.9638
22117,120.2076
22118,133.6644
22119,137.1885
22120,136.5209
22121,114.9645
22122,143.6707
22123,127.2514
22124,148.1844
22125,121.6365
22126,132.6076
22127,118.8852
22128,123.2547
22129,132.6792
22130,129.0373
22131,116.8819
22132,116.4003
22133,127.4449
22134,131.6375
22135,114.1088
22136,111.5773
22137,107.975
22138,107.8004
22139,123.9019
22140,124.6717
22141,93.56304
22142,115.6791
22143,104.2595
22144,144.0878
22145,121.2352
22146,119.2815
22147,125.9397
22148,132.12
22149,129.5135
22150,112.4828
22151,121.8209
22152,149.4261
22153,125.7816
22154,125.8468
22155,124.3983
22156,119.5831
22157,124.4317
22158,142.1595
22159,134.4043
22160,123.2428
22161,132.7763
22162,133.5575
22163,129.0666
22164,118.4233
22165,119.9164
22166,133.4084
22167,116.5107
22168,126.0198
22169,125.9471
22170,132.1847
22171,124.5983
22172,119.4716
22173,123.7771
22174,143.4013
22175,132.7183
22176,143.989
22177,128.8735
22178,143.9437
22179,124.2804
22180,112.5689
22181,118.2586
22182,149.9238
22183,129.6969
22184,126.3151
22185,135.8685
22186,132.643
22187,129.7479
22188,109.5683
22189,125.501
22190,131.8399
22191,119.1562
22192,97.85054
22193,130.6716
22194,126.382
22195,132.0852
22196,134.018
22197,122.9844
22198,122.373
22199,137.2303
22200,114.318
22201,107.7887
22202,153.8989
22203,119.5261
22204,105.2201
22205,143.9699
22206,117.7681
22207,152.8868
22208,109.2654
22209,126.8823
22210,127.8158
22211,123.0402
22212,135.4041
22213,132.8515
22214,134.4281
22215,132.3678
22216,142.7019
22217,110.5318
22218,118.8415
22219,125.9361
22220,105.3289
22221,129.0761
22222,124.6651
22223,127.9094
22224,143.9183
22225,126.5181
22226,115.7811
22227,98.47799
22228,132.1972
22229,137.2601
22230,126.7573
22231,133.8886
22232,122.8987
22233,111.183
22234,141.4122
22235,118.3945
22236,146.0239
22237,125.3082
22238,124.519
22239,118.7286
22240,144.2782
22241,134.3107
22242,119.3634
22243,107.3891
22244,159.2052
22245,119.3308
22246,131.2363
22247,127.6393
22248,142.804
22249,119.188
22250,143.172
22251,128.9918
22252,126.8247
22253,121.7386
22254,134.5725
22255,131.717
22256,121.0303
22257,128.5597
22258,104.7919
22259,118.804
22260,110.2502
22261,102.7244
22262,134.0266
22263,139.1515
22264,127.5244
22265,130.0714
22266,126.5382
22267,143.1687
22268,148.1379
22269,135.8761
22270,130.1595
22271,130.0791
22272,125.1725
22273,121.1675
22274,104.2224
22275,114.555
22276,132.165
22277,110.8231
22278,134.6874
22279,135.6658
22280,131.0779
22281,136.1768
22282,115.988
22283,135.7524
22284,128.8536
22285,127.1378
22286,99.8475
22287,118.8877
22288,111.4951
22289,122.5699
22290,128.4936
22291,135.656
22292,100.154
22293,116.5058
22294,124.5088
22295,132.1344
22296,131.4725
22297,99.90975
22298,140.6748
22299,129.1584
22300,127.4051
22301,120.7787
22302,128.4208
22303,126.7218
22304,127.3132
22305,118.1774
22306,121.2672
22307,127.3013
22308,109.7177
22309,121.7201
22310,120.9929
22311,123.046
22312,129.7622
22313,120.5247
22314,133.1914
22315,129.8267
22316,132.1762
22317,140.2789
22318,106.072
22319,110.8094
22320,121.0243
22321,96.84397
22322,135.8445
22323,126.9701
22324,125.8104
22325,132.613
22326,108.2607
22327,148.5372
22328,104.7127
22329,115.8658
22330,130.4261
22331,139.538
22332,122.0094
22333,112.3725
22334,126.5518
22335,156.2241
22336,137.0278
22337,111.0917
22338,145.1228
22339,122.6803
22340,154.8632
22341,131.4654
22342,124.5172
22343,143.8659
22344,124.6797
22345,138.7506
22346,128.2196
22347,106.676
22348,126.5212
22349,127.6565
22350,118.1483
22351,135.3716
22352,117.28
22353,129.7618
22354,125.5631
22355,102.2017
22356,139.3889
22357,141.193
22358,128.4784
22359,129.0709
22360,116.4216
22361,128.0491
22362,112.4629
22363,130.0611
22364,117.224
22365,129.2855
22366,125.9445
22367,124.7653
22368,131.9536
22369,122.2873
22370,137.4863
22371,117.0683
22372,130.2934
22373,142.4799
22374,116.2938
22375,136.7641
22376,130.1554
22377,126.907
22378,136.4338
22379,141.775
22380,99.80369
22381,125.7159
22382,141.9455
22383,120.2009
22384,132.5467
22385,125.0148
22386,121.7398
22387,141.107
22388,125.2798
22389,131.7272
22390,127.598
22391,118.631
22392,120.5005
22393,136.4983
22394,127.1719
22395,124.7121
22396,126.5914
22397,118.7891
22398,119.2652
22399,131.5153
22400,129.3753
22401,129.4758
22402,130.1736
22403,123.6055
22404,132.8338
22405,120.6109
22406,140.9111
22407,132.9178
22408,154.935
22409,131.0346
22410,124.613
22411,134.9707
22412,135.43
22413,101.8813
22414,118.1262
22415,144.5009
22416,128.857
22417,112.8528
22418,130.1144
22419,138.8793
22420,145.2172
22421,121.8591
22422,101.615
22423,122.4038
22424,106.5228
22425,133.7823
22426,120.3094
22427,113.8641
22428,147.3669
22429,142.8541
22430,133.1992
22431,136.1519
22432,125.7904
22433,125.5138
22434,111.1965
22435,120.2431
22436,143.2877
22437,132.0639
22438,114.3991
22439,114.6963
22440,119.8268
22441,137.7726
22442,111.1973
22443,114.0297
22444,121.7881
22445,154.2702
22446,131.5241
22447,133.004
22448,128.7039
22449,121.5764
22450,119.3036
22451,110.1934
22452,128.8555
22453,125.0752
22454,134.5066
22455,127.3013
22456,134.6921
22457,121.858
22458,118.4955
22459,128.6113
22460,132.8116
22461,108.1145
22462,123.5842
22463,132.3121
22464,135.7989
22465,132.0189
22466,116.8535
22467,114.5278
22468,124.931
22469,148.6441
22470,121.2376
22471,122.6477
22472,105.483
22473,100.2388
22474,109.0765
22475,132.3003
22476,134.9196
22477,130.6234
22478,113.2922
22479,115.1936
22480,131.7982
22481,130.5147
22482,137.0564
22483,128.0883
22484,124.6763
22485,144.9205
22486,146.7603
22487,124.5961
22488,130.1113
22489,128.1522
22490,107.2826
22491,134.8945
22492,134.4454
22493,110.1731
22494,140.2377
22495,136.8048
22496,124.1575
22497,128.6123
22498,136.7997
22499,120.961
22500,103.4226
22501,128.0733
22502,131.0501
22503,121.8449
22504,133.249
22505,145.9294
22506,136.6499
22507,125.7875
22508,123.4917
22509,137.9506
22510,120.3636
22511,102.6267
22512,128.4961
22513,128.6151
22514,114.2425
22515,112.4658
22516,125.7371
22517,104.0047
22518,130.4762
22519,125.758
22520,127.0935
22521,144.0008
22522,138.0277
22523,120.2068
22524,121.9887
22525,132.7455
22526,135.9551
22527,103.3615
22528,116.3494
22529,98.00565
22530,118.4317
22531,144.6209
22532,95.8643
22533,111.5343
22534,131.4559
22535,124.6061
22536,134.2382
22537,116.1544
22538,132.3972
22539,120.7988
22540,113.6921
22541,153.1035
22542,160.1136
22543,127.0499
22544,128.5772
22545,139.1882
22546,131.3628
22547,115.7997
22548,152.3259
22549,122.3513
22550,131.3221
22551,99.86461
22552,109.7213
22553,111.6843
22554,131.5526
22555,120.4445
22556,132.6478
22557,118.0379
22558,120.0619
22559,118.6402
22560,122.4279
22561,121.9965
22562,115.0837
22563,133.6883
22564,134.7904
22565,151.5058
22566,104.8758
22567,124.4279
22568,134.3653
22569,131.6685
22570,128.2917
22571,130.892
22572,122.4432
22573,123.5636
22574,130.4121
22575,142.5929
22576,122.3171
22577,124.8413
22578,107.1456
22579,122.6902
22580,135.9871
22581,131.6782
22582,114.629
22583,123.1291
22584,144.2462
22585,125.4909
22586,126.9811
22587,131.093
22588,131.2347
22589,125.4496
22590,116.2469
22591,122.306
22592,139.8915
22593,106.4359
22594,130.1434
22595,125.6018
22596,117.5711
22597,125.4599
22598,110.0091
22599,117.7639
22600,127.3182
22601,142.3005
22602,123.9033
22603,117.9474
22604,118.7967
22605,109.2884
22606,140.1015
22607,126.8198
22608,131.2336
22609,120.1731
22610,123.9572
22611,146.2703
22612,126.6422
22613,135.9051
22614,132.1907
22615,123.9595
22616,133.5063
22617,139.218
22618,133.2072
22619,145.5487
22620,117.9595
22621,127.5686
22622,127.7031
22623,127.9808
22624,127.3499
22625,154.9474
22626,99.27518
22627,123.7083
22628,118.0776
22629,122.2368
22630,118.8437
22631,121.6816
22632,115.6799
22633,126.3278
22634,110.721
22635,115.4548
22636,142.0926
22637,132.8507
22638,122.1914
22639,124.5018
22640,149.5679
22641,118.3373
22642,125.0764
22643,103.381
22644,124.8294
22645,125.8998
22646,149.6609
22647,121.5449
22648,129.4594
22649,115.5782
22650,98.73281
22651,141.0332
22652,105.7521
22653,145.7116
22654,104.973
22655,126.3297
22656,123.6344
22657,116.924
22658,131.9704
22659,133.1072
22660,137.12
22661,118.1206
22662,142.5478
22663,144.159
22664,144.9927
22665,118.5898
22666,149.9544
22667,125.2414
22668,111.5242
22669,130.5193
22670,118.9592
22671,117.7137
22672,122.7744
22673,91.79628
22674,133.9694
22675,106.8189
22676,123.3232
22677,117.7686
22678,119.8203
22679,123.9601
22680,118.855
22681,137.0437
22682,119.8631
22683,119.6475
22684,110.6838
22685,129.3739
22686,120.0428
22687,109.6595
22688,114.0258
22689,152.4418
22690,129.4355
22691,120.1518
22692,124.7738
22693,121.6419
22694,130.2502
22695,136.2919
22696,130.086
22697,140.9001
22698,127.1042
22699,130.1741
22700,121.4939
22701,125.0764
22702,139.6088
22703,150.1384
22704,134.3807
22705,109.9414
22706,119.1125
22707,134.7717
22708,142.1931
22709,119.6552
22710,150.3119
22711,122.7092
22712,136.7389
22713,134.5043
22714,124.6148
22715,115.0624
22716,128.8125
22717,125.1865
22718,138.2703
22719,118.7342
22720,127.6482
22721,117.2034
22722,137.7396
22723,132.8384
22724,121.1249
22725,124.0352
22726,148.3832
22727,139.6527
22728,130.2133
22729,121.8022
22730,112.1998
22731,145.3622
22732,143.5202
22733,117.3195
22734,149.8284
22735,125.872
22736,140.9263
22737,118.9536
22738,128.5798
22739,140.3478
22740,117.7037
22741,135.2937
22742,128.1654
22743,136.7334
22744,128.3516
22745,126.1286
22746,92.91629
22747,130.6852
22748,135.788
22749,124.5933
22750,138.5123
22751,120.8334
22752,125.5915
22753,122.1607
22754,118.6689
22755,131.4384
22756,137.9495
22757,116.2254
22758,129.1334
22759,143.8474
22760,152.4262
22761,124.9629
22762,131.5245
22763,117.168
22764,135.0721
22765,139.8524
22766,116.3676
22767,138.1367
22768,127.8589
22769,122.8328
22770,124.7321
22771,129.1967
22772,136.1172
22773,127.4018
22774,115.3734
22775,120.0132
22776,131.494
22777,116.0417
22778,110.3671
22779,143.4605
22780,102.8732
22781,119.7033
22782,133.9166
22783,101.0851
22784,134.9284
22785,129.0189
22786,133.8676
22787,106.3999
22788,118.9106
22789,111.9679
22790,122.2456
22791,121.8463
22792,127.7893
22793,128.3129
22794,118.9925
22795,128.0095
22796,129.5755
22797,124.2242
22798,124.4934
22799,119.4857
22800,129.8715
22801,102.2394
22802,123.1419
22803,145.1284
22804,135.3276
22805,130.3162
22806,128.6282
22807,126.7902
22808,144.8549
22809,130.4737
22810,130.045
22811,131.5304
22812,146.9626
22813,124.41
22814,134.2213
22815,108.3641
22816,143.1334
22817,121.9934
22818,117.1635
22819,122.4384
22820,124.4191
22821,123.1061
22822,110.6855
22823,133.4584
22824,124.8587
22825,141.8512
22826,134.6362
22827,130.6784
22828,136.7244
22829,126.922
22830,131.2829
22831,123.2046
22832,155.6542
22833,146.7498
22834,122.2625
22835,152.2564
22836,138.2061
22837,129.844
22838,145.219
22839,134.3476
22840,112.124
22841,99.33579
22842,138.2249
22843,129.1952
22844,107.2311
22845,103.5093
22846,117.6091
22847,121.6315
22848,119.7595
22849,125.3918
22850,108.8848
22851,129.0647
22852,110.589
22853,144.0689
22854,141.0527
22855,115.9311
22856,122.745
22857,108.2196
22858,127.862
22859,119.5459
22860,137.1312
22861,108.8273
22862,126.8106
22863,107.4868
22864,111.2181
22865,111.1912
22866,119.7384
22867,132.2144
22868,107.0641
22869,144.3342
22870,129.5856
22871,119.0143
22872,140.3829
22873,130.11
22874,133.6155
22875,138.6932
22876,127.8631
22877,136.6981
22878,133.8127
22879,114.1544
22880,114.535
22881,147.2761
22882,126.7142
22883,116.3063
22884,119.11
22885,127.7046
22886,116.3877
22887,145.2176
22888,111.2501
22889,148.6195
22890,149.3115
22891,134.2027
22892,125.7801
22893,126.4717
22894,125.8367
22895,123.4697
22896,133.4557
22897,148.2548
22898,121.2848
22899,121.643
22900,124.2418
22901,138.1647
22902,127.7199
22903,136.1354
22904,120.2204
22905,132.9842
22906,136.8669
22907,113.1737
22908,121.4645
22909,114.6007
22910,132.1928
22911,131.1387
22912,125.351
22913,121.3992
22914,133.8041
22915,143.2136
22916,143.9946
22917,114.3258
22918,126.2065
22919,132.0587
22920,127.0341
22921,116.6705
22922,102.8806
22923,129.1762
22924,139.8095
22925,113.1057
22926,118.4685
22927,127.3678
22928,111.675
22929,130.5975
22930,113.0279
22931,112.1711
22932,124.7975
22933,145.3389
22934,140.5079
22935,130.9467
22936,132.6171
22937,130.1516
22938,121.7515
22939,139.6833
22940,118.6649
22941,117.9541
22942,130.9155
22943,113.5605
22944,125.2964
22945,134.1469
22946,114.0106
22947,126.7645
22948,128.5874
22949,126.9131
22950,144.7036
22951,125.7965
22952,120.4317
22953,131.2082
22954,131.4503
22955,128.5959
22956,135.206
22957,107.9783
22958,120.1009
22959,132.7812
22960,133.0562
22961,121.259
22962,122.8043
22963,123.5997
22964,129.3636
22965,131.0972
22966,127.4184
22967,106.6739
22968,147.7192
22969,131.0862
22970,132.5515
22971,123.5561
22972,121.1117
22973,121.5039
22974,139.9412
22975,121.4686
22976,133.8558
22977,115.8133
22978,110.9114
22979,125.448
22980,112.8949
22981,142.0148
22982,111.3916
22983,120.2825
22984,134.9316
22985,139.6947
22986,128.6178
22987,112.4253
22988,131.11
22989,131.5778
22990,117.4216
22991,135.8612
22992,114.609
22993,114.6637
22994,106.5133
22995,153.9191
22996,152.5077
22997,126.5551
22998,131.3128
22999,125.6517
23000,112.4456
23001,126.4208
23002,119.2154
23003,127.7149
23004,141
23005,101.2434
23006,133.0796
23007,111.4876
23008,115.708
23009,128.2102
23010,120.0592
23011,125.3946
23012,120.9551
23013,153.1772
23014,133.501
23015,135.0258
23016,126.3614
23017,128.699
23018,128.3885
23019,115.3008
23020,133.374
23021,129.9631
23022,129.3466
23023,146.4177
23024,111.5392
23025,123.8124
23026,129.794
23027,120.0564
23028,128.9407
23029,131.6805
23030,121.3929
23031,120.0682
23032,115.7718
23033,139.9915
23034,130.1937
23035,125.8534
23036,122.0769
23037,135.2419
23038,128.4363
23039,133.7442
23040,119.0783
23041,126.6111
23042,124.931
23043,131.2416
23044,120.3014
23045,143.1785
23046,123.0129
23047,142.3191
23048,115.4819
23049,131.1011
23050,124.4466
23051,104.9855
23052,133.2241
23053,102.5086
23054,118.7128
23055,126.2168
23056,131.333
23057,113.8506
23058,127.7372
23059,125.4967
23060,135.8523
23061,127.4662
23062,124.0698
23063,130.6017
23064,140.1896
23065,152.4615
23066,119.1448
23067,130.7984
23068,119.0578
23069,116.8585
23070,124.653
23071,140.4934
23072,113.6596
23073,128.542
23074,130.7315
23075,113.2082
23076,127.6184
23077,131.2487
23078,108.1274
23079,118.5889
23080,129.8191
23081,121.9493
23082,106.6605
23083,143.1008
23084,127.3332
23085,115.1711
23086,126.3671
23087,133.6719
23088,117.198
23089,146.0665
23090,112.5793
23091,119.0874
23092,138.9673
23093,136.5186
23094,121.5552
23095,146.1847
23096,110.1398
23097,112.7787
23098,122.5043
23099,131.0053
23100,119.2997
23101,124.3513
23102,149.9119
23103,145.7023
23104,122.8513
23105,114.473
23106,123.3187
23107,128.2164
23108,126.3462
23109,114.8109
23110,143.6181
23111,127.3359
23112,125.4136
23113,141.2872
23114,133.8927
23115,135.3702
23116,132.421
23117,125.8364
23118,126.7976
23119,124.1788
23120,144.0225
23121,149.3882
23122,128.4131
23123,127.8527
23124,136.913
23125,112.1204
23126,127.1996
23127,129.6701
23128,138.8885
23129,137.5719
23130,142.1348
23131,109.1739
23132,131.9548
23133,150.0087
23134,144.838
23135,117.6418
23136,112.1659
23137,130.2869
23138,132.2101
23139,115.2955
23140,136.8449
23141,127.6085
23142,142.8494
23143,123.7572
23144,136.4474
23145,113.5019
23146,115.3758
23147,137.4465
23148,128.4133
23149,119.9727
23150,132.4379
23151,131.6278
23152,127.1598
23153,105.1667
23154,114.2066
23155,121.3794
23156,122.2508
23157,111.4222
23158,92.37513
23159,131.9545
23160,104.1451
23161,134.0501
23162,130.6981
23163,134.6101
23164,95.27771
23165,119.4849
23166,130.1472
23167,128.293
23168,113.6473
23169,112.5046
23170,143.8473
23171,134.1385
23172,142.156
23173,110.6721
23174,150.9784
23175,129.589
23176,127.6054
23177,121.0921
23178,116.4591
23179,147.136
23180,124.4289
23181,130.5804
23182,144.037
23183,130.7056
23184,116.5097
23185,151.4509
23186,128.9596
23187,126.3357
23188,142.6964
23189,122.5386
23190,128.8394
23191,142.3548
23192,126.6596
23193,119.1058
23194,132.2633
23195,117.0118
23196,123.4155
23197,124.6879
23198,142.0097
23199,122.3518
23200,145.1667
23201,117.92
23202,139.3144
23203,117.1727
23204,112.0653
23205,139.533
23206,123.7094
23207,113.1662
23208,146.4336
23209,123.6683
23210,124.3347
23211,120.5931
23212,118.3885
23213,132.2867
23214,117.4998
23215,140.1161
23216,124.0166
23217,121.9841
23218,121.2805
23219,116.5055
23220,129.9469
23221,102.182
23222,113.7564
23223,136.1504
23224,126.8534
23225,119.5334
23226,133.605
23227,128.774
23228,120.2753
23229,129.8863
23230,137.5026
23231,145.4822
23232,126.5725
23233,114.9571
23234,127.7445
23235,109.4645
23236,117.0789
23237,132.5518
23238,113.807
23239,142.759
23240,117.1566
23241,131.6157
23242,117.1572
23243,104.6822
23244,142.4635
23245,133.5514
23246,129.5947
23247,127.0724
23248,113.6279
23249,144.6492
23250,125.9004
23251,142.5544
23252,130.2646
23253,125.5137
23254,120.3307
23255,129.8379
23256,118.2363
23257,122.5181
23258,140.0075
23259,141.6847
23260,137.254
23261,125.7211
23262,140.4727
23263,125.118
23264,121.9527
23265,128.0748
23266,122.5949
23267,145.5199
23268,157.1585
23269,144.147
23270,145.5672
23271,117.4884
23272,127.1064
23273,127.5277
23274,140.8074
23275,115.9595
23276,139.5681
23277,125.1643
23278,143.6588
23279,131.1726
23280,124.1513
23281,135.6363
23282,134.011
23283,133.9175
23284,129.1417
23285,127.0141
23286,128.9372
23287,134.5955
23288,110.3688
23289,135.4559
23290,133.5386
23291,127.4499
23292,129.3913
23293,137.0147
23294,119.705
23295,129.9114
23296,112.828
23297,137.3347
23298,123.56
23299,126.8147
23300,154.9873
23301,145.386
23302,131.5761
23303,128.9604
23304,127.931
23305,129.914
23306,105.3675
23307,130.4849
23308,118.5224
23309,145.9459
23310,123.3295
23311,147.1708
23312,131.0935
23313,136.8975
23314,147.9151
23315,136.3059
23316,119.6017
23317,127.4039
23318,123.4565
23319,130.0399
23320,117.3343
23321,110.5105
23322,128.6857
23323,134.6226
23324,130.474
23325,114.6071
23326,149.0918
23327,136.2774
23328,130.0549
23329,118.3007
23330,139.9596
23331,100.8881
23332,132.477
23333,118.4992
23334,92.59193
23335,108.3712
23336,138.5589
23337,102.1817
23338,113.5479
23339,148.9906
23340,118.5371
23341,125.1068
23342,122.4877
23343,119.2303
23344,121.2501
23345,120.6396
23346,116.3749
23347,122.5025
23348,119.217
23349,138.8903
23350,116.4109
23351,134.1839
23352,119.7409
23353,142.6713
23354,131.225
23355,153.5111
23356,110.8981
23357,127.1524
23358,131.054
23359,128.6835
23360,118.4386
23361,137.1941
23362,118.765
23363,142.1361
23364,121.5255
23365,120.7853
23366,139.9395
23367,109.5053
23368,127.6122
23369,132.8177
23370,120.9784
23371,150.9348
23372,132.9542
23373,131.2845
23374,130.0115
23375,113.9339
23376,135.3749
23377,120.2113
23378,115.4637
23379,133.0454
23380,138.4765
23381,117.9736
23382,142.6252
23383,116.7259
23384,124.5664
23385,134.3921
23386,122.0795
23387,124.7386
23388,124.2238
23389,124.5737
23390,125.1476
23391,140.3979
23392,151.4922
23393,118.9934
23394,143.346
23395,132.67
23396,107.8398
23397,127.9505
23398,135.1131
23399,101.7174
23400,120.7131
23401,116.0508
23402,138.5337
23403,119.7814
23404,133.9839
23405,102.4448
23406,129.7117
23407,148.1291
23408,132.0128
23409,144.4665
23410,114.6411
23411,146.005
23412,136.0319
23413,125.5225
23414,128.0777
23415,113.5902
23416,111.3942
23417,132.3072
23418,145.0907
23419,119.2101
23420,127.2671
23421,132.7148
23422,128.8965
23423,121.5126
23424,139.3242
23425,135.1996
23426,130.1885
23427,146.482
23428,113.5088
23429,112.8743
23430,111.8687
23431,129.4416
23432,119.4662
23433,129.3703
23434,133.3136
23435,135.8262
23436,137.5734
23437,132.8552
23438,136.6724
23439,97.79781
23440,126.1659
23441,139.9993
23442,116.6754
23443,147.1214
23444,133.997
23445,137.4821
23446,131.1518
23447,120.3063
23448,120.8271
23449,116.7796
23450,122.3933
23451,102.5247
23452,109.2297
23453,116.3762
23454,122.3412
23455,117.5196
23456,130.1419
23457,136.6213
23458,119.7967
23459,134.0053
23460,125.9994
23461,118.1795
23462,116.9069
23463,113.7693
23464,140.2681
23465,125.7923
23466,118.4233
23467,103.3397
23468,148.768
23469,119.3601
23470,136.1993
23471,112.7853
23472,136.9999
23473,151.2249
23474,111.8923
23475,108.9156
23476,129.724
23477,127.9841
23478,115.5771
23479,126.0906
23480,145.5379
23481,139.5505
23482,121.7671
23483,120.2336
23484,144.1068
23485,131.0543
23486,127.8615
23487,127.7241
23488,133.2765
23489,114.1675
23490,109.2026
23491,119.5911
23492,122.3788
23493,144.6262
23494,120.6275
23495,136.8724
23496,133.0472
23497,124.7478
23498,116.3081
23499,143.2327
23500,125.4319
23501,118.6315
23502,111.5291
23503,141.4006
23504,117.884
23505,107.7735
23506,130.7257
23507,131.504
23508,126.2376
23509,135.3666
23510,107.5659
23511,123.4822
23512,129.5027
23513,124.7983
23514,136.3139
23515,134.0842
23516,112.9835
23517,102.342
23518,121.0093
23519,125.2756
23520,126.7209
23521,112.1317
23522,118.8125
23523,131.2952
23524,144.4917
23525,109.0848
23526,130.5677
23527,109.3047
23528,132.2059
23529,137.1683
23530,98.53013
23531,152.3325
23532,137.9111
23533,138.2906
23534,129.1676
23535,131.4997
23536,125.1912
23537,123.0735
23538,120.7578
23539,120.7176
23540,125.1615
23541,131.0766
23542,126.9148
23543,135.5365
23544,141.9627
23545,126.3691
23546,124.0105
23547,139.7088
23548,117.0056
23549,118.027
23550,124.8794
23551,157.8629
23552,121.048
23553,106.5897
23554,129.8988
23555,137.1545
23556,144.2981
23557,144.0404
23558,102.8575
23559,108.9752
23560,124.5841
23561,134.6537
23562,111.9082
23563,124.0449
23564,132.5313
23565,104.6315
23566,117.4463
23567,109.1048
23568,128.0026
23569,128.2978
23570,121.4611
23571,116.3499
23572,133.3359
23573,149.7127
23574,131.768
23575,135.7227
23576,140.4769
23577,121.8405
23578,129.8693
23579,131.7641
23580,146.5182
23581,113.3404
23582,133.09
23583,149.0548
23584,93.09256
23585,124.1535
23586,130.7607
23587,117.6246
23588,143.8614
23589,122.3789
23590,132.5109
23591,102.0212
23592,139.8464
23593,146.0231
23594,121.845
23595,113.6719
23596,129.5826
23597,138.8169
23598,106.2064
23599,119.4349
23600,142.3554
23601,132.8781
23602,133.3901
23603,104.4564
23604,120.0823
23605,123.9677
23606,118.107
23607,130.6059
23608,119.0578
23609,141.3209
23610,148.7128
23611,104.2278
23612,118.8642
23613,118.5909
23614,130.3283
23615,117.6366
23616,142.6425
23617,135.3133
23618,120.3352
23619,120.7591
23620,126.5783
23621,114.7051
23622,136.9041
23623,126.7388
23624,118.1504
23625,129.3231
23626,133.8839
23627,121.369
23628,123.7655
23629,137.5925
23630,118.2086
23631,122.6604
23632,111.8249
23633,131.9155
23634,130.0111
23635,111.3977
23636,136.9649
23637,139.4335
23638,135.3612
23639,115.9192
23640,116.2255
23641,120.2951
23642,112.5734
23643,126.6473
23644,138.0298
23645,125.4061
23646,122.9159
23647,127.6126
23648,130.1038
23649,133.6759
23650,138.7086
23651,122.8529
23652,123.6124
23653,124.1597
23654,132.8536
23655,127.9011
23656,118.4759
23657,133.6979
23658,118.9528
23659,116.5904
23660,118.0148
23661,107.6904
23662,122.7382
23663,121.5732
23664,144.426
23665,123.3988
23666,133.8677
23667,115.5945
23668,141.1106
23669,119.6727
23670,112.5397
23671,159.961
23672,116.2137
23673,124.0617
23674,126.0652
23675,135.2847
23676,139.4191
23677,135.4326
23678,153.0269
23679,105.694
23680,137.4861
23681,106.1037
23682,118.8989
23683,133.5765
23684,140.134
23685,132.9498
23686,126.2654
23687,118.5856
23688,131.5455
23689,128.5214
23690,135.8339
23691,113.5152
23692,132.2049
23693,121.4656
23694,121.7662
23695,122.3414
23696,121.4185
23697,121.1912
23698,141.8397
23699,120.2168
23700,135.7588
23701,130.6387
23702,138.142
23703,128.6697
23704,142.6604
23705,122.3354
23706,142.336
23707,118.7268
23708,128.7754
23709,129.5885
23710,140.0683
23711,142.8808
23712,129.9806
23713,137.3539
23714,138.1499
23715,129.8513
23716,121.5679
23717,127.2356
23718,134.283
23719,143.3931
23720,123.2118
23721,127.2036
23722,110.8142
23723,132.4571
23724,105.6454
23725,108.7235
23726,139.0177
23727,131.7444
23728,131.169
23729,125.536
23730,126.2261
23731,124.2237
23732,119.7833
23733,137.9826
23734,128.112
23735,141.9706
23736,125.3518
23737,134.5378
23738,116.068
23739,124.1543
23740,113.786
23741,96.67888
23742,103.1117
23743,122.701
23744,129.6234
23745,113.0169
23746,123.7417
23747,133.1355
23748,132.2003
23749,126.7042
23750,138.3228
23751,120.9979
23752,114.4604
23753,120.6969
23754,115.5729
23755,133.1199
23756,140.9174
23757,128.7134
23758,123.2179
23759,130.5126
23760,117.1362
23761,133.4505
23762,143.9751
23763,132.4652
23764,121.6743
23765,129.6498
23766,126.7824
23767,114.1463
23768,109.5115
23769,114.9083
23770,136.8897
23771,131.6757
23772,127.2974
23773,136.2189
23774,130.9008
23775,107.8988
23776,137.5864
23777,134.5751
23778,120.841
23779,140.3997
23780,121.217
23781,121.1313
23782,151.1615
23783,116.2066
23784,124.7478
23785,131.1892
23786,94.05081
23787,124.5331
23788,125.5129
23789,115.7327
23790,137.0927
23791,115.6709
23792,123.3076
23793,125.2193
23794,112.0101
23795,128.4013
23796,123.2477
23797,101.1071
23798,144.0286
23799,104.102
23800,120.9011
23801,145.4739
23802,122.1101
23803,123.1274
23804,148.9949
23805,152.1181
23806,120.1224
23807,104.2723
23808,147.874
23809,128.9248
23810,111.6422
23811,129.6479
23812,137.7463
23813,118.2885
23814,150.9456
23815,122.0759
23816,119.642
23817,134.0367
23818,120.3874
23819,138.9852
23820,150.9213
23821,111.6005
23822,126.4914
23823,114.3622
23824,106.1247
23825,112.136
23826,134.8631
23827,129.2199
23828,155.0132
23829,122.6466
23830,124.1189
23831,100.181
23832,135.7451
23833,118.7315
23834,133.886
23835,116.9994
23836,130.5207
23837,119.4164
23838,121.8002
23839,123.0972
23840,130.7432
23841,143.0609
23842,132.1914
23843,142.8251
23844,104.1238
23845,134.5897
23846,130.9674
23847,116.6739
23848,137.0611
23849,139.3125
23850,133.1533
23851,111.7598
23852,126.8774
23853,126.4268
23854,124.5929
23855,126.4289
23856,116.3161
23857,133.4685
23858,113.2781
23859,135.5083
23860,114.5325
23861,133.0834
23862,138.4375
23863,126.8031
23864,143.083
23865,149.7034
23866,120.0657
23867,144.2537
23868,116.5971
23869,129.0675
23870,117.7951
23871,126.927
23872,119.9046
23873,121.3014
23874,153.3498
23875,147.5274
23876,122.0006
23877,118.4065
23878,142.6203
23879,131.1724
23880,146.9161
23881,131.0505
23882,129.645
23883,136.7318
23884,106.0198
23885,140.9839
23886,128.0993
23887,143.0558
23888,119.5386
23889,113.4979
23890,130.1311
23891,134.223
23892,120.6672
23893,125.0147
23894,142.3522
23895,108.4305
23896,130.915
23897,121.5602
23898,111.4743
23899,122.3352
23900,124.1881
23901,119.2322
23902,135.8375
23903,122.4814
23904,122.5351
23905,121.0481
23906,134.4253
23907,126.2582
23908,120.8614
23909,137.3566
23910,124.7309
23911,138.795
23912,117.0512
23913,129.8923
23914,134.2394
23915,137.8167
23916,146.3542
23917,140.2312
23918,123.1591
23919,129.2659
23920,118.2419
23921,116.362
23922,130.3915
23923,107.3307
23924,134.707
23925,132.68
23926,140.9219
23927,125.8786
23928,129.548
23929,125.2735
23930,137.2361
23931,141.9638
23932,135.25
23933,132.1985
23934,136.1352
23935,147.3411
23936,115.9226
23937,122.9654
23938,133.2337
23939,135.317
23940,145.2218
23941,123.5229
23942,133.9186
23943,131.4881
23944,126.8942
23945,115.3943
23946,99.56439
23947,116.2576
23948,128.0852
23949,135.2118
23950,135.7363
23951,127.0436
23952,118.7461
23953,132.5489
23954,124.8217
23955,118.3588
23956,134.8488
23957,119.1248
23958,126.9573
23959,107.3133
23960,110.0215
23961,117.4121
23962,128.4833
23963,147.6963
23964,129.4851
23965,134.9518
23966,118.2746
23967,102.9907
23968,119.8506
23969,131.4424
23970,134.4556
23971,115.4493
23972,151.8863
23973,116.9375
23974,139.2003
23975,131.1702
23976,113.7172
23977,134.7298
23978,111.4813
23979,147.8926
23980,109.2661
23981,117.6169
23982,129.7243
23983,133.1303
23984,136.5241
23985,147.9203
23986,105.7077
23987,127.6045
23988,133.0013
23989,123.317
23990,151.5925
23991,130.958
23992,124.3154
23993,133.2161
23994,155.9683
23995,129.1908
23996,129.3333
23997,139.0949
23998,101.2648
23999,153.9969
24000,133.4191
24001,121.8096
24002,125.902
24003,133.1632
24004,144.2813
24005,138.6036
24006,117.6116
24007,138.3328
24008,111.1782
24009,126.01
24010,112.6096
24011,128.2378
24012,111.4056
24013,127.9568
24014,131.5248
24015,126.9632
24016,124.0676
24017,122.0323
24018,117.0996
24019,129.2788
24020,122.827
24021,128.1661
24022,131.0291
24023,121.062
24024,132.766
24025,126.8993
24026,139.8559
24027,109.1462
24028,124.3345
24029,134.4131
24030,147.8318
24031,107.3435
24032,135.7928
24033,122.0686
24034,159.2435
24035,147.1355
24036,130.7379
24037,127.5174
24038,134.5343
24039,137.1255
24040,132.3484
24041,128.19
24042,137.3179
24043,130.8869
24044,128.4782
24045,139.2973
24046,147.4595
24047,115.1695
24048,133.8952
24049,120.1084
24050,127.3968
24051,135.912
24052,126.9126
24053,143.5928
24054,159.2724
24055,125.2224
24056,115.4581
24057,127.2791
24058,112.1842
24059,139.2681
24060,132.6351
24061,145.1099
24062,139.8643
24063,133.4961
24064,112.5828
24065,112.6146
24066,123.7036
24067,109.666
24068,126.1986
24069,100.2395
24070,114.019
24071,135.771
24072,115.0373
24073,116.5987
24074,136.5008
24075,121.8243
24076,122.0169
24077,130.4463
24078,132.3032
24079,135.2368
24080,120.6289
24081,104.4108
24082,104.6225
24083,122.7568
24084,148.3832
24085,129.3968
24086,134.5963
24087,111.4023
24088,112.6632
24089,128.0894
24090,136.4392
24091,123.8231
24092,136.5389
24093,117.442
24094,136.8067
24095,126.7617
24096,118.4041
24097,126.6746
24098,116.1438
24099,131.9399
24100,147.9327
24101,107.1751
24102,132.2874
24103,125.5079
24104,132.245
24105,113.6349
24106,128.2402
24107,114.4842
24108,113.0559
24109,126.6413
24110,130.1744
24111,118.9012
24112,121.7107
24113,126.0878
24114,124.551
24115,151.7165
24116,134.805
24117,145.7572
24118,119.509
24119,134.4353
24120,137.5653
24121,149.3598
24122,125.4738
24123,112.9014
24124,124.3302
24125,130.4451
24126,119.7749
24127,113.4002
24128,125.9051
24129,104.5026
24130,116.3811
24131,106.7087
24132,140.2945
24133,118.7455
24134,136.3079
24135,111.0786
24136,135.8181
24137,131.7184
24138,134.0701
24139,118.2642
24140,97.69037
24141,122.5431
24142,135.7273
24143,132.6379
24144,124.1746
24145,137.789
24146,119.4823
24147,142.2364
24148,136.0122
24149,139.0179
24150,122.2617
24151,139.9702
24152,145.5992
24153,113.5996
24154,108.7665
24155,122.898
24156,137.6336
24157,142.4333
24158,142.794
24159,135.4521
24160,113.1391
24161,132.8198
24162,142.21
24163,148.3826
24164,141.0113
24165,129.9046
24166,147.6569
24167,133.0114
24168,118.3107
24169,141.0105
24170,141.4209
24171,130.0292
24172,129.0482
24173,139.2852
24174,126.1505
24175,120.4771
24176,113.0426
24177,128.4623
24178,129.615
24179,119.5467
24180,128.567
24181,130.7289
24182,126.7083
24183,122.2843
24184,129.1828
24185,128.1228
24186,141.9961
24187,127.6449
24188,129.1718
24189,125.1315
24190,134.9774
24191,119.2041
24192,140.5765
24193,101.4857
24194,133.5603
24195,131.1821
24196,126.2217
24197,143.7688
24198,146.6325
24199,124.6512
24200,132.1285
24201,125.8787
24202,128.0584
24203,108.2655
24204,128.0328
24205,119.1471
24206,126.2681
24207,143.9874
24208,134.6133
24209,115.9541
24210,121.3762
24211,135.4599
24212,113.3187
24213,155.2615
24214,128.304
24215,140.9194
24216,121.2978
24217,145.0456
24218,115.6794
24219,120.257
24220,115.8649
24221,130.0549
24222,124.6664
24223,140.783
24224,143.597
24225,131.4485
24226,130.0152
24227,119.1916
24228,126.2747
24229,135.4497
24230,132.6901
24231,120.1281
24232,127.7709
24233,109.5993
24234,124.5322
24235,122.478
24236,155.8226
24237,119.5169
24238,122.1146
24239,136.8526
24240,126.1848
24241,128.6803
24242,142.4622
24243,111.9485
24244,135.0448
24245,125.1157
24246,145.4865
24247,107.4916
24248,133.9223
24249,120.4567
24250,118.5162
24251,137.8311
24252,125.232
24253,112.7778
24254,110.9407
24255,141.3991
24256,113.6555
24257,122.1059
24258,122.879
24259,125.0959
24260,108.267
24261,126.7685
24262,118.6861
24263,126.3779
24264,135.9443
24265,132.7568
24266,116.6222
24267,116.4182
24268,121.554
24269,130.8403
24270,109.3029
24271,127.5982
24272,135.7149
24273,114.482
24274,126.3654
24275,111.4197
24276,113.4145
24277,140.3178
24278,127.2959
24279,143.4924
24280,124.0205
24281,131.9627
24282,138.8997
24283,100.7474
24284,139.8029
24285,126.653
24286,137.5423
24287,129.6126
24288,126.3234
24289,134.6229
24290,154.9613
24291,131.3237
24292,149.8413
24293,148.7264
24294,135.1331
24295,122.2808
24296,124.8535
24297,122.8115
24298,141.238
24299,123.3117
24300,124.8379
24301,123.9844
24302,136.7792
24303,126.2458
24304,116.2268
24305,131.2561
24306,122.2327
24307,137.4108
24308,147.5044
24309,123.1361
24310,118.6262
24311,117.3794
24312,112.2606
24313,110.3988
24314,132.1244
24315,127.2521
24316,125.3156
24317,119.4333
24318,125.8178
24319,145.3407
24320,117.9713
24321,123.5727
24322,106.1557
24323,146.5188
24324,109.572
24325,143.2576
24326,113.84
24327,124.8878
24328,113.9616
24329,104.9198
24330,121.0608
24331,136.5876
24332,133.1669
24333,126.6451
24334,145.1158
24335,122.7388
24336,129.4569
24337,106.3676
24338,124.9955
24339,101.1193
24340,107.6525
24341,105.3415
24342,133.1309
24343,123.8482
24344,119.2437
24345,129.5538
24346,108.9388
24347,131.1289
24348,119.8377
24349,128.5636
24350,132.8196
24351,130.488
24352,148.4483
24353,118.814
24354,134.8242
24355,118.8738
24356,118.9293
24357,142.0399
24358,139.5749
24359,140.8798
24360,111.2536
24361,110.5565
24362,133.4747
24363,123.3024
24364,100.402
24365,141.4066
24366,131.5481
24367,143.7256
24368,141.022
24369,152.127
24370,112.2736
24371,134.2212
24372,131.2352
24373,115.305
24374,123.1591
24375,134.2615
24376,119.1796
24377,138.8638
24378,132.3038
24379,135.3549
24380,124.9394
24381,121.5984
24382,128.6789
24383,131.0168
24384,142.0396
24385,127.3852
24386,120.6493
24387,126.2885
24388,126.2618
24389,126.771
24390,132.472
24391,107.1524
24392,128.3993
24393,127.6595
24394,133.9787
24395,127.516
24396,113.0275
24397,121.491
24398,143.6406
24399,136.6971
24400,116.3957
24401,128.9625
24402,148.9945
24403,143.9362
24404,130.828
24405,113.0404
24406,132.4576
24407,121.4926
24408,104.7024
24409,125.9638
24410,136.2602
24411,118.6352
24412,110.6124
24413,133.8608
24414,126.8226
24415,123.548
24416,130.8429
24417,140.6401
24418,143.8558
24419,138.6939
24420,115.6723
24421,128.8981
24422,121.0927
24423,140.4612
24424,113.6952
24425,138.2484
24426,132.4324
24427,111.9391
24428,131.1916
24429,114.8612
24430,142.7223
24431,136.0144
24432,133.2584
24433,106.4818
24434,112.6545
24435,126.5751
24436,131.5842
24437,125.4416
24438,139.9115
24439,129.3553
24440,126.3532
24441,147.9118
24442,127.2142
24443,119.6141
24444,127.4329
24445,139.6883
24446,121.6358
24447,112.0903
24448,118.9779
24449,141.5844
24450,105.9146
24451,128.8615
24452,130.0139
24453,121.3899
24454,131.0931
24455,114.9246
24456,128.6478
24457,110.8899
24458,139.5592
24459,118.194
24460,86.49925
24461,147.4028
24462,138.6668
24463,134.5618
24464,133.9541
24465,129.7824
24466,116.4037
24467,160.8859
24468,150.2385
24469,136.8595
24470,137.473
24471,123.8986
24472,133.5066
24473,103.7516
24474,126.2716
24475,138.3456
24476,123.3458
24477,115.1647
24478,134.0295
24479,126.972
24480,114.2668
24481,124.3249
24482,129.9734
24483,124.9848
24484,121.5594
24485,135.9751
24486,121.0893
24487,120.921
24488,135.2131
24489,119.358
24490,135.4273
24491,123.1239
24492,121.0751
24493,124.7486
24494,120.6916
24495,122.2294
24496,147.2738
24497,125.1696
24498,126.0555
24499,117.6954
24500,141.5014
24501,142.3329
24502,108.3324
24503,128.4544
24504,138.5358
24505,136.2134
24506,145.8184
24507,125.403
24508,129.9792
24509,129.6194
24510,92.31443
24511,109.048
24512,126.6954
24513,137.9986
24514,129.8299
24515,133.2257
24516,146.9053
24517,133.9896
24518,133.8641
24519,125.8263
24520,138.7557
24521,145.6837
24522,141.2059
24523,130.9476
24524,124.3376
24525,108.1567
24526,129.9528
24527,133.8331
24528,139.1271
24529,138.7758
24530,125.4014
24531,114.1458
24532,121.8995
24533,121.2596
24534,144.4488
24535,135.4869
24536,146.8516
24537,136.0357
24538,134.1461
24539,117.0648
24540,125.1795
24541,130.9274
24542,122.0975
24543,142.8739
24544,128.8479
24545,123.8217
24546,121.5345
24547,139.7399
24548,136.4495
24549,108.9518
24550,119.6408
24551,113.5739
24552,134.9651
24553,106.7027
24554,147.1207
24555,127.995
24556,139.2679
24557,114.573
24558,123.7168
24559,120.9883
24560,112.5632
24561,112.9286
24562,135.3762
24563,141.5957
24564,131.2058
24565,135.01
24566,122.4841
24567,115.4099
24568,127.8719
24569,155.9414
24570,134.167
24571,123.6751
24572,126.6507
24573,138.3259
24574,122.5769
24575,122.7798
24576,115.8773
24577,143.0166
24578,135.6921
24579,130.4526
24580,133.0212
24581,131.487
24582,124.2312
24583,144.152
24584,111.0826
24585,134.5173
24586,111.7218
24587,119.8849
24588,111.9369
24589,118.5521
24590,135.6519
24591,131.2186
24592,133.1455
24593,120.7951
24594,123.2452
24595,125.143
24596,136.7567
24597,129.9118
24598,122.5503
24599,128.5966
24600,123.2186
24601,151.0733
24602,136.0093
24603,131.0691
24604,108.7478
24605,121.3595
24606,119.2811
24607,151.9118
24608,130.4401
24609,129.3358
24610,134.7184
24611,139.2446
24612,147.3622
24613,119.7528
24614,133.9342
24615,118.4999
24616,139.9161
24617,119.1376
24618,130.9603
24619,119.9806
24620,114.3971
24621,117.3037
24622,131.8414
24623,106.1963
24624,100.292
24625,130.5048
24626,111.0254
24627,115.9751
24628,116.228
24629,125.3354
24630,103.1035
24631,147.7946
24632,109.7773
24633,120.5562
24634,125.1626
24635,147.6161
24636,144.8867
24637,114.7138
24638,147.6115
24639,138.9157
24640,112.5571
24641,136.7802
24642,136.5982
24643,142.5129
24644,135.2005
24645,98.44388
24646,122.3568
24647,127.9841
24648,140.3879
24649,135.8083
24650,132.2477
24651,125.2068
24652,125.5023
24653,134.281
24654,121.712
24655,119.4549
24656,128.19
24657,126.1665
24658,109.1264
24659,129.8116
24660,141.2839
24661,102.8549
24662,106.8728
24663,98.26427
24664,112.9479
24665,137.6693
24666,114.8697
24667,122.5777
24668,118.9982
24669,131.1796
24670,141.8795
24671,126.3063
24672,135.062
24673,123.2255
24674,142.2131
24675,131.1587
24676,121.8319
24677,139.6485
24678,117.7991
24679,130.1563
24680,122.4036
24681,127.5046
24682,132.2124
24683,130.8527
24684,141.9129
24685,134.9502
24686,108.4437
24687,113.9275
24688,138.9486
24689,123.4971
24690,130.8788
24691,140.4445
24692,135.8226
24693,102.9622
24694,131.0869
24695,135.6615
24696,121.8284
24697,127.2118
24698,118.8555
24699,140.2859
24700,122.4175
24701,161.4436
24702,123.7327
24703,143.4254
24704,132.7265
24705,131.5816
24706,123.1736
24707,136.3069
24708,137.8016
24709,100.1148
24710,136.7163
24711,126.6997
24712,108.1267
24713,140.9144
24714,121.3383
24715,146.3277
24716,122.8568
24717,114.4083
24718,147.415
24719,120.4538
24720,122.5754
24721,129.6483
24722,133.3581
24723,123.0924
24724,125.4398
24725,128.4877
24726,121.4187
24727,128.3747
24728,134.5976
24729,116.6928
24730,117.9091
24731,105.9806
24732,138.8719
24733,112.2566
24734,92.82921
24735,137.4955
24736,147.473
24737,135.5849
24738,127.5672
24739,133.1991
24740,132.6527
24741,132.4966
24742,158.5864
24743,134.1465
24744,146.1089
24745,143.9547
24746,141.1317
24747,121.1672
24748,114.8563
24749,112.9545
24750,133.888
24751,133.6369
24752,109.9387
24753,124.2843
24754,110.0003
24755,137.5583
24756,130.1598
24757,124.7397
24758,153.3153
24759,130.6183
24760,129.8998
24761,124.9688
24762,108.3559
24763,115.675
24764,112.2243
24765,133.2257
24766,118.3683
24767,112.0469
24768,118.7816
24769,130.3053
24770,115.5093
24771,139.2202
24772,114.0398
24773,137.7122
24774,137.785
24775,125.4036
24776,119.2431
24777,128.3391
24778,123.8383
24779,113.9144
24780,112.0268
24781,123.3694
24782,130.9561
24783,126.8512
24784,113.9725
24785,109.4734
24786,128.5779
24787,113.2583
24788,109.4509
24789,120.2991
24790,136.1629
24791,120.3692
24792,119.4034
24793,107.7197
24794,136.0645
24795,128.9968
24796,123.8695
24797,140.4507
24798,122.2685
24799,122.6575
24800,150.7507
24801,139.0275
24802,124.3275
24803,109.0486
24804,126.5053
24805,138.1849
24806,137.6673
24807,127.3701
24808,130.2703
24809,134.1714
24810,122.207
24811,130.292
24812,135.3002
24813,120.8401
24814,139.7284
24815,123.9729
24816,141.6047
24817,129.7861
24818,147.1966
24819,127.9008
24820,127.3114
24821,120.3299
24822,119.323
24823,126.4504
24824,142.6244
24825,137.1918
24826,133.1964
24827,132.4897
24828,111.0068
24829,116.4658
24830,108.5709
24831,130.389
24832,135.5828
24833,107.6519
24834,115.8562
24835,110.4915
24836,119.2536
24837,134.1461
24838,129.8661
24839,111.3805
24840,119.4655
24841,138.252
24842,132.1319
24843,125.3948
24844,123.9034
24845,100.5481
24846,130.4536
24847,114.6366
24848,100.9124
24849,138.8988
24850,126.5499
24851,145.1015
24852,113.4953
24853,154.9924
24854,122.8109
24855,128.1437
24856,139.7665
24857,136.656
24858,136.7636
24859,136.2068
24860,120.5523
24861,136.4644
24862,140.6019
24863,118.0629
24864,121.1823
24865,145.1589
24866,137.2733
24867,132.5035
24868,109.7363
24869,131.2397
24870,136.0613
24871,146.4722
24872,141.0864
24873,118.3686
24874,111.8507
24875,126.6624
24876,105.706
24877,124.0764
24878,123.2502
24879,122.1062
24880,120.6609
24881,109.6505
24882,132.011
24883,120.6126
24884,148.5606
24885,140.4675
24886,124.2807
24887,133.5896
24888,130.5782
24889,125.7451
24890,140.7336
24891,130.1801
24892,132.9041
24893,142.0573
24894,123.0209
24895,113.7058
24896,145.2951
24897,130.3102
24898,129.8294
24899,133.4851
24900,132.8196
24901,131.2398
24902,126.1456
24903,119.2446
24904,150.0971
24905,152.1776
24906,107.6355
24907,115.0584
24908,126.6367
24909,130.0384
24910,122.9456
24911,111.747
24912,124.6745
24913,123.405
24914,118.3051
24915,121.4286
24916,136.9425
24917,117.8442
24918,123.0662
24919,146.0965
24920,134.7559
24921,112.7742
24922,125.6528
24923,146.1078
24924,147.5658
24925,126.5238
24926,126.5512
24927,127.8233
24928,125.4635
24929,117.1032
24930,116.9931
24931,125.1171
24932,121.2197
24933,125.0763
24934,149.196
24935,142.5636
24936,146.869
24937,117.5665
24938,131.75
24939,119.3356
24940,125.4368
24941,133.6125
24942,133.5337
24943,133.2559
24944,89.64885
24945,139.0241
24946,140.7706
24947,147.8683
24948,126.1776
24949,120.3097
24950,113.4475
24951,155.4236
24952,131.645
24953,109.6821
24954,137.8896
24955,132.6907
24956,133.6214
24957,107.6247
24958,146.9941
24959,136.6209
24960,137.2974
24961,127.2159
24962,136.5839
24963,114.9647
24964,140.8276
24965,133.4733
24966,120.3497
24967,131.0845
24968,142.6941
24969,158.2326
24970,116.8801
24971,135.9919
24972,130.2875
24973,137.4948
24974,111.649
24975,119.8673
24976,122.0958
24977,121.9562
24978,144.8892
24979,118.2019
24980,117.8259
24981,112.0669
24982,114.6297
24983,141.6232
24984,122.8187
24985,145.046
24986,122.2484
24987,125.9879
24988,103.8567
24989,134.1269
24990,108.5156
24991,137.5853
24992,138.2968
24993,142.1095
24994,151.4865
24995,135.2062
24996,135.3223
24997,126.3269
24998,136.8046
24999,132.8961
25000,122.6361
